"indice","data","residuo"
1,"01/06/2023",1.07404820173292
2,"02/06/2023",-2.18227245248402
3,"03/06/2023",-1.8371665443587
4,"04/06/2023",-1.58901413987979
5,"05/06/2023",-1.40256116768636
6,"06/06/2023",-1.25789313887128
7,"07/06/2023",-0.152319004344347
8,"08/06/2023",-1.15719544782653
9,"09/06/2023",-1.0662346877948
10,"10/06/2023",5.3832133323696
11,"11/06/2023",-1.55801227171491
12,"12/06/2023",-1.42295684683545
13,"13/06/2023",-1.30686672253018
14,"14/06/2023",-1.20668390619886
15,"15/06/2023",11.2665878054202
16,"16/06/2023",-1.80548284033998
17,"17/06/2023",2.96434035371922
18,"18/06/2023",-2.30881711972516
19,"19/06/2023",-2.08719616048223
20,"20/06/2023",-0.293893686530649
21,"21/06/2023",13.5250578599967
22,"22/06/2023",-3.12380048001837
23,"23/06/2023",-2.80268327704909
24,"24/06/2023",-0.921561766982479
25,"25/06/2023",-2.42205055654755
26,"26/06/2023",-2.18795954620882
27,"27/06/2023",2.81697160039065
28,"28/06/2023",-2.24382679950018
29,"29/06/2023",-0.83190387300586
30,"30/06/2023",-1.95624361199969
31,"01/07/2023",-1.37979705852087
32,"02/07/2023",-1.66181860827959
33,"03/07/2023",-1.52168304016904
34,"04/07/2023",-1.39882757997425
35,"05/07/2023",-1.29111971929417
36,"06/07/2023",-1.19669064767778
37,"07/07/2023",5.68607506899083
38,"08/07/2023",-1.6653339039806
39,"09/07/2023",0.0752061401421156
40,"10/07/2023",-0.748394811651561
41,"11/07/2023",-1.4956764198912
42,"12/07/2023",-1.3760461197213
43,"13/07/2023",-1.27116008502196
44,"14/07/2023",-1.17920096627833
45,"15/07/2023",-1.09857546010965
46,"16/07/2023",1.77211245861793
47,"17/07/2023",-1.22284287451885
48,"18/07/2023",-1.13683937601773
49,"19/07/2023",-1.06143524627925
50,"20/07/2023",-0.995324160263931
51,"21/07/2023",-0.937360798417759
52,"22/07/2023",-0.886541000548361
53,"23/07/2023",-0.841984366660193
54,"24/07/2023",-0.802919002840092
55,"25/07/2023",-0.768668147600492
56,"26/07/2023",-0.738638446770033
57,"27/07/2023",-0.712309673652466
58,"28/07/2023",-0.689225716261405
59,"29/07/2023",-0.668986675422621
60,"30/07/2023",-0.651241936802953
61,"31/07/2023",-0.635684096812711
62,"01/08/2023",-0.622043637131556
63,"02/08/2023",-0.61008425558424
64,"03/08/2023",-0.599598772468129
65,"04/08/2023",-0.590405541406952
66,"05/08/2023",-0.582345302547933
67,"06/08/2023",-0.575278423584193
68,"07/08/2023",-0.569082480804062
69,"08/08/2023",-0.563650138260285
70,"09/08/2023",-0.558887288317231
71,"10/08/2023",-0.554711421362624
72,"11/08/2023",-0.551050196440602
73,"12/08/2023",-0.547840188043771
74,"13/08/2023",-0.54502578735382
75,"14/08/2023",-0.542558238895932
76,"15/08/2023",-0.540394795918206
77,"16/08/2023",-0.538497979864064
78,"17/08/2023",-0.53683493110895
79,"18/08/2023",-0.53537683971367
80,"19/08/2023",-0.53409844633293
81,"20/08/2023",-0.532977604632962
82,"21/08/2023",-0.531994897637732
83,"22/08/2023",-0.531133301357435
84,"23/08/2023",-0.530377889872111
85,"24/08/2023",-0.529715576761355
86,"25/08/2023",-0.529134888400762
87,"26/08/2023",-0.528625765197763
88,"27/08/2023",-0.52817938732357
89,"28/08/2023",-0.52778802192225
90,"29/08/2023",-0.527444889150067
91,"30/08/2023",-0.527144044724395
92,"31/08/2023",-0.526880276947534
93,"01/09/2023",2.67335098357425
94,"02/09/2023",-0.820082264811477
95,"03/09/2023",-0.783716224858813
96,"04/09/2023",-0.751832005926508
97,"05/09/2023",-0.723877259733402
98,"06/09/2023",-0.699367710467624
99,"07/09/2023",-0.67787876540396
100,"08/09/2023",-0.659038159444942
101,"09/09/2023",-0.64251950616291
102,"10/09/2023",-0.62803664362411
103,"11/09/2023",-0.615338677044349
104,"12/09/2023",-0.604205632397349
105,"13/09/2023",4.00555535431893
106,"14/09/2023",-1.00798838320219
107,"15/09/2023",-0.948464430200959
108,"16/09/2023",-0.896276324163062
109,"17/09/2023",-0.850519981136475
110,"18/09/2023",-0.810402738222036
111,"19/09/2023",-0.775229621827637
112,"20/09/2023",-0.744391308249296
113,"21/09/2023",-0.717353568013473
114,"22/09/2023",-0.693648011119036
115,"23/09/2023",-0.472863972853484
116,"24/09/2023",-0.672993650111511
117,"25/09/2023",-0.654755095199077
118,"26/09/2023",-0.638764295029461
119,"27/09/2023",-0.624744231965677
120,"28/09/2023",-0.612452028559499
121,"29/09/2023",-0.601674740048637
122,"30/09/2023",-0.592225665394702
123,"01/10/2023",-0.583941112955963
124,"02/10/2023",-0.576677564764857
125,"03/10/2023",-0.570309190285409
126,"04/10/2023",-0.564725666579991
127,"05/10/2023",-0.559830267122944
128,"06/10/2023",-0.555538186152497
129,"07/10/2023",-0.551775069532801
130,"08/10/2023",-0.548475726675352
131,"09/10/2023",-0.545583001205717
132,"10/10/2023",-0.543046780811471
133,"11/10/2023",-0.140823129118384
134,"12/10/2023",-0.57557802554518
135,"13/10/2023",-0.569345160403386
136,"14/10/2023",-0.563880445603056
137,"15/10/2023",-0.559089212812104
138,"16/10/2023",-0.554888460806582
139,"17/10/2023",-0.551205417593733
140,"18/10/2023",-0.347976279741776
141,"19/10/2023",-0.363497357571782
142,"20/10/2023",-0.577105587784556
143,"21/10/2023",-0.370684462921255
144,"22/10/2023",1.01659305961414
145,"23/10/2023",0.076972771388482
146,"24/10/2023",0.0279685591974417
147,"25/10/2023",-0.814996279211013
148,"26/10/2023",-0.779257045950804
149,"27/10/2023",-0.747922384842882
150,"28/10/2023",-0.720449467905922
151,"29/10/2023",-0.69636236632772
152,"30/10/2023",-0.67524380568234
153,"31/10/2023",-0.656727937250243
154,"01/11/2023",2.35950599978513
155,"02/11/2023",-0.901544522362234
156,"03/11/2023",0.144861083588113
157,"04/11/2023",-0.706213679464006
158,"05/11/2023",-0.877584888066659
159,"06/11/2023",-0.634132113734967
160,"07/11/2023",-0.814386793753802
161,"08/11/2023",-0.778722674658816
162,"09/11/2023",-0.74745387050128
163,"10/11/2023",-0.720038694176911
164,"11/11/2023",-0.696002217146653
165,"12/11/2023",-0.674928041982128
166,"13/11/2023",-0.656451088878475
167,"14/11/2023",-0.640251271171289
168,"15/11/2023",1.57395204970493
169,"16/11/2023",-0.81546982956452
170,"17/11/2023",-0.779672235043884
171,"18/11/2023",-0.748286405230019
172,"19/11/2023",-0.72076862571729
173,"20/11/2023",-0.296642190513828
174,"21/11/2023",-0.512193644784467
175,"22/11/2023",-0.707476257291989
176,"23/11/2023",-0.684987999253038
177,"24/11/2023",-0.665271237580296
178,"25/11/2023",-0.647984407707287
179,"26/11/2023",-0.63282804014458
180,"27/11/2023",-0.619539572601174
181,"28/11/2023",0.992111198529942
182,"29/11/2023",-0.744491897838734
183,"30/11/2023",0.682558239252412
184,"01/12/2023",-0.622191088272819
185,"02/12/2023",-0.803917403338702
186,"03/12/2023",0.230456447855515
187,"04/12/2023",-0.831167253252217
188,"05/12/2023",-0.59343507791016
189,"06/12/2023",0.821294660752584
190,"07/12/2023",4.50574332450328
191,"08/12/2023",-1.34426000122933
192,"09/12/2023",-1.24329328437302
193,"10/12/2023",-1.15476990076159
194,"11/12/2023",1.52284369003358
195,"12/12/2023",-1.24768722447454
196,"13/12/2023",-1.15862232319626
197,"14/12/2023",-1.08053395241768
198,"15/12/2023",-1.01206934331424
199,"16/12/2023",-0.952042444904784
200,"17/12/2023",-0.299413377422404
201,"18/12/2023",14.6916728306244
202,"19/12/2023",13.907438804513
203,"20/12/2023",10.6387437025234
204,"21/12/2023",2.70992754086558
205,"22/12/2023",-4.66209075531912
206,"23/12/2023",-4.15222816654901
207,"24/12/2023",-3.70520202823207
208,"25/12/2023",-3.31326825481954
209,"26/12/2023",-2.96963715682661
210,"27/12/2023",-1.46835581921772
211,"28/12/2023",-2.51431847867479
212,"29/12/2023",-2.26915149460008
213,"30/12/2023",-2.05419936328545
214,"31/12/2023",-1.8657383479041
215,"01/01/2024",2.09949636785025
216,"02/01/2024",-1.90432552138349
217,"03/01/2024",-1.73433524782225
218,"04/01/2024",-1.58529490398211
219,"05/01/2024",-1.45462258005067
220,"06/01/2024",-1.34005456576888
221,"07/01/2024",-1.23960613490327
222,"08/01/2024",-1.15153716271577
223,"09/01/2024",-1.07432198080275
224,"10/01/2024",-1.00662294708217
225,"11/01/2024",-0.947267273066345
226,"12/01/2024",5.50477329301342
227,"13/01/2024",16.1631282633624
228,"14/01/2024",1.060510585879
229,"15/01/2024",-3.00896855245928
230,"16/01/2024",-2.70283993766756
231,"17/01/2024",-2.23443920477841
232,"18/01/2024",-2.21746894723362
233,"19/01/2024",-2.00888627290292
234,"20/01/2024",-1.82600973032153
235,"21/01/2024",-1.66567124615052
236,"22/01/2024",2.47490681347032
237,"23/01/2024",-1.76888524845504
238,"24/01/2024",-1.61558689578912
239,"25/01/2024",-1.48118132826572
240,"26/01/2024",-1.36334016254455
241,"27/01/2024",-1.26002196974643
242,"28/01/2024",-1.16943691063112
243,"29/01/2024",-1.09001572920416
244,"30/01/2024",-1.02038256761153
245,"31/01/2024",-0.959331131379202
246,"01/02/2024",-0.105803792094564
247,"02/02/2024",-0.932282267492465
248,"03/02/2024",0.717911517550562
249,"04/02/2024",-0.984898680402683
250,"05/02/2024",-0.928220346981961
251,"06/02/2024",-0.87852716086995
252,"07/02/2024",-0.834958259017585
253,"08/02/2024",-0.796758872801089
254,"09/02/2024",-0.763267252740028
255,"10/02/2024",13.8660967953616
256,"11/02/2024",-2.04787232466365
257,"12/02/2024",-1.66019106574539
258,"13/02/2024",-1.11399225825583
259,"14/02/2024",17.5774842247652
260,"15/02/2024",-2.84907232670951
261,"16/02/2024",36.8499426400925
262,"17/02/2024",3.2967130772659
263,"18/02/2024",13.7279318286225
264,"19/02/2024",2.60728223091689
265,"20/02/2024",3.94235617936938
266,"21/02/2024",-1.44303401361614
267,"22/02/2024",-6.12841784819826
268,"23/02/2024",-4.59376932445297
269,"24/02/2024",-4.02306930603401
270,"25/02/2024",-4.32270346043113
271,"26/02/2024",-4.01059466632792
272,"27/02/2024",-3.74324689886798
273,"28/02/2024",-3.1151437226531
274,"29/02/2024",-2.9581530594302
275,"01/03/2024",-2.82680636472522
276,"02/03/2024",-2.51794322631596
277,"03/03/2024",-2.24714497778277
278,"04/03/2024",-2.00972042855906
279,"05/03/2024",-2.00155653946663
280,"06/03/2024",-1.60069491972704
281,"07/03/2024",-1.64294012454717
282,"08/03/2024",-1.68627508460007
283,"09/03/2024",-1.33056549634553
284,"10/03/2024",-1.41239810906044
285,"11/03/2024",-1.2904416483795
286,"12/03/2024",-1.18351533752287
287,"13/03/2024",-1.28976683178916
288,"14/03/2024",-0.989219822521926
289,"15/03/2024",-1.1194166714201
290,"16/03/2024",-1.03986394501944
291,"17/03/2024",-0.970115450309803
292,"18/03/2024",-0.708962894836614
293,"19/03/2024",-1.07369914893637
294,"20/03/2024",-0.606076874218259
295,"21/03/2024",-0.983493000266465
296,"22/03/2024",-0.526987905581391
297,"23/03/2024",-0.914151108917874
298,"24/03/2024",-0.466191842885507
299,"25/03/2024",-0.660847670441692
300,"26/03/2024",-0.637809873639703
301,"27/03/2024",-0.617611299422745
302,"28/03/2024",-0.599902036514291
303,"29/03/2024",-0.584375297379535
304,"30/03/2024",-0.570762103572145
305,"31/03/2024",-0.358826626069164
306,"01/04/2024",-0.76671435036668
307,"02/04/2024",-0.536925475294015
308,"03/04/2024",-0.529160089229651
309,"04/04/2024",-0.522351724345955
310,"05/04/2024",-0.516382435503734
311,"06/04/2024",-0.51114881335061
312,"07/04/2024",-0.50656019290257
313,"08/04/2024",-0.502537082903388
314,"09/04/2024",-0.699009788752828
315,"10/04/2024",-0.477564954653174
316,"11/04/2024",-0.477115273832296
317,"12/04/2024",-0.476721012544529
318,"13/04/2024",-0.676375340779548
319,"14/04/2024",-0.457720019776037
320,"15/04/2024",-0.459716067068221
321,"16/04/2024",-0.661466117635915
322,"17/04/2024",-0.444648238096034
323,"18/04/2024",-0.448255277016083
324,"19/04/2024",-0.651417777491119
325,"20/04/2024",-0.435838274803261
326,"21/04/2024",-0.440531070619645
327,"22/04/2024",-0.644645517213518
328,"23/04/2024",-0.429900640965729
329,"24/04/2024",-0.435325202247277
330,"25/04/2024",1.35991876988332
331,"26/04/2024",33.9905786296249
332,"27/04/2024",8.23233921427971
333,"28/04/2024",-3.06286836815992
334,"29/04/2024",1.70027205116173
335,"30/04/2024",0.214908832765915
336,"01/05/2024",-4.33146830421739
337,"02/05/2024",-3.8623522650568
338,"03/05/2024",4.74894900714351
339,"04/05/2024",-3.24288155432372
340,"05/05/2024",-3.48903664161395
341,"06/05/2024",-3.12374350806222
342,"07/05/2024",-2.80346980600609
343,"08/05/2024",-2.52266725373417
344,"09/05/2024",7.72352864950802
345,"10/05/2024",-2.97822963072867
346,"11/05/2024",-0.875889340036137
347,"12/05/2024",24.8240196946826
348,"13/05/2024",-2.83747231636948
349,"14/05/2024",-3.68951787013914
350,"15/05/2024",-3.87433249911404
351,"16/05/2024",-3.05525862383456
352,"17/05/2024",1.27546327644945
353,"18/05/2024",-3.40161863907853
354,"19/05/2024",-1.84709906904375
355,"20/05/2024",-2.44638467869104
356,"21/05/2024",-1.99699771559068
357,"22/05/2024",-2.19669793411284
358,"23/05/2024",0.615621016322055
359,"24/05/2024",-1.23680588730816
360,"25/05/2024",-2.11760134359855
361,"26/05/2024",0.0786734543240557
362,"27/05/2024",-1.93276353798286
363,"28/05/2024",0.640731491684027
364,"29/05/2024",-0.0273823472194235
365,"30/05/2024",27.567955046458
366,"31/05/2024",-4.16874349951624
367,"01/06/2024",-3.91338584376902
368,"02/06/2024",1.10420490526452
369,"03/06/2024",-3.35177079774136
370,"04/06/2024",-0.997098436085842
371,"05/06/2024",1.53034091357446
372,"06/06/2024",1.42184738564428
373,"07/06/2024",-2.8732751903031
374,"08/06/2024",-2.97127741583385
375,"09/06/2024",14.9302060704639
376,"10/06/2024",-3.420463894061
377,"11/06/2024",-3.64473339072734
378,"12/06/2024",-3.26025188902139
379,"13/06/2024",-2.92315463037274
380,"14/06/2024",17.1723981108755
381,"15/06/2024",-0.385346437662578
382,"16/06/2024",10.3170685009697
383,"17/06/2024",-4.96580765150913
384,"18/06/2024",-4.41851440569616
385,"19/06/2024",0.261329363176676
386,"20/06/2024",-3.70336100143338
387,"21/06/2024",-3.30535798383112
388,"22/06/2024",-3.15640562702769
389,"23/06/2024",21.3678934176703
390,"24/06/2024",-3.96839708827313
391,"25/06/2024",-4.31884210363318
392,"26/06/2024",-3.85128214182539
393,"27/06/2024",-3.44134517299869
394,"28/06/2024",-3.08192962817515
395,"29/06/2024",-2.76680914945733
396,"30/06/2024",-2.49052472732388
397,"01/07/2024",-2.24829013113325
398,"02/07/2024",-2.03590899455473
399,"03/07/2024",-1.84970211955127
400,"04/07/2024",-1.68644373955981
401,"05/07/2024",-1.54330563772044
402,"06/07/2024",-1.41780815208295
403,"07/07/2024",3.29222278097361
404,"08/07/2024",2.36659152789236
405,"09/07/2024",-1.86385154898203
406,"10/07/2024",-1.69884936597197
407,"11/07/2024",-1.5541823707669
408,"12/07/2024",-1.4273444155358
409,"13/07/2024",-1.31613821494802
410,"14/07/2024",-1.21863728136203
411,"15/07/2024",-1.13315255119507
412,"16/07/2024",-1.05820312432344
413,"17/07/2024",-0.992490609615689
414,"18/07/2024",-0.934876632171765
415,"19/07/2024",-0.884363112613559
416,"20/07/2024",-0.840074976793727
417,"21/07/2024",-0.201244996393415
418,"22/07/2024",-0.822257249277978
419,"23/07/2024",-0.785623160039111
420,"24/07/2024",-0.75350392673213
421,"25/07/2024",-0.725343129789653
422,"26/07/2024",-0.700652923866742
423,"27/07/2024",-0.679005586621244
424,"28/07/2024",-0.660026109038781
425,"29/07/2024",-0.643385698940391
426,"30/07/2024",-0.628796085130448
427,"31/07/2024",-0.616004523512393
428,"01/08/2024",-0.604789418660406
429,"02/08/2024",-0.59495648499705
430,"03/08/2024",-0.586335381074796
431,"04/08/2024",-0.578776758655194
432,"05/08/2024",-0.572149675465229
433,"06/08/2024",-0.566339326810582
434,"07/08/2024",-0.561245056749256
435,"08/08/2024",-0.556778614372004
436,"09/08/2024",-0.552862624982129
437,"10/08/2024",-0.549429249690035
438,"11/08/2024",-0.546419010201942
439,"12/08/2024",-0.5437797584439
440,"13/08/2024",-0.541465773171339
441,"14/08/2024",-0.5394369679142
442,"15/08/2024",-0.537658196536439
443,"16/08/2024",-0.536098644379714
444,"17/08/2024",-0.534731294443712
445,"18/08/2024",-0.533532459355433
446,"19/08/2024",-0.532481371019485
447,"20/08/2024",-0.531559820840677
448,"21/08/2024",-0.530751844286265
449,"22/08/2024",-0.530043444323364
450,"23/08/2024",-0.529422348940462
451,"24/08/2024",-0.528877798552455
452,"25/08/2024",-0.528400359606293
453,"26/08/2024",-0.527981761158229
454,"27/08/2024",-0.527614751591603
455,"28/08/2024",-0.527292972993001
456,"29/08/2024",-0.52701085101054
457,"30/08/2024",-0.526763498286235
458,"31/08/2024",-0.526546629789539
459,"01/09/2024",-0.526356488585347
460,"02/09/2024",-0.526189780750498
461,"03/09/2024",-0.526043618311281
462,"04/09/2024",-0.525915469213448
463,"05/09/2024",-0.525803113458005
464,"06/09/2024",-0.525704604642925
465,"07/09/2024",-0.525618236244527
466,"08/09/2024",-0.525542512054404
467,"09/09/2024",-0.525476120259764
468,"10/09/2024",-0.52541791071816
469,"11/09/2024",-0.525366875032919
470,"12/09/2024",-0.525322129084124
471,"13/09/2024",-0.525282897712504
472,"14/09/2024",-0.525248501290914
473,"15/09/2024",-0.525218343950772
474,"16/09/2024",-0.525191903259491
475,"17/09/2024",-0.525168721170085
476,"18/09/2024",-0.525148396086162
477,"19/09/2024",-0.525130575904849
478,"20/09/2024",-0.525114951917108
479,"21/09/2024",-0.525101253459801
480,"22/09/2024",-0.525089243226836
481,"23/09/2024",-0.525078713158185
482,"24/09/2024",-0.525069480835537
483,"25/09/2024",-0.525061386322169
484,"26/09/2024",-0.525054289392266
485,"27/09/2024",-0.525048067101715
486,"28/09/2024",0.274957388341727
487,"29/09/2024",-0.198446830532845
488,"30/09/2024",-0.626100070673008
489,"01/10/2024",-0.613640771085169
490,"02/10/2024",-0.602716979648891
491,"03/10/2024",-0.593139457373098
492,"04/10/2024",-0.58474228744557
493,"05/10/2024",0.222619999037439
494,"06/10/2024",-0.644334058867684
495,"07/10/2024",0.570372432651853
496,"08/10/2024",-0.726847035223164
497,"09/10/2024",-0.701971485089204
498,"10/10/2024",-0.680161645811297
499,"11/10/2024",-0.461039693260839
500,"12/10/2024",-0.662626617579416
501,"13/10/2024",-0.645665715784506
502,"14/10/2024",-0.630795108293888
503,"15/10/2024",-0.617757183199219
504,"16/10/2024",-0.606326077181431
505,"17/10/2024",-0.596303762753245
506,"18/10/2024",-0.587516617717487
507,"19/10/2024",0.020187582588014
508,"20/10/2024",0.171885550880006
509,"21/10/2024",-0.688815895619358
510,"22/10/2024",-0.668627376603246
511,"23/10/2024",-0.65092692967326
512,"24/10/2024",-0.635407920018753
513,"25/10/2024",-0.0218015030955345
514,"26/10/2024",-0.664928718764396
515,"27/10/2024",0.752315898428023
516,"28/10/2024",0.438969502219854
517,"29/10/2024",-0.842055614648925
518,"30/10/2024",-0.802981536612908
519,"31/10/2024",-0.768723023441997
520,"01/11/2024",-0.738686595618936
521,"02/11/2024",-0.712351915188731
522,"03/11/2024",-0.48926277165121
523,"04/11/2024",-0.68737142926426
524,"05/11/2024",-0.667360929072343
525,"06/11/2024",-0.649816561582739
526,"07/11/2024",-0.634434395836849
527,"08/11/2024",-0.620947957914578
528,"09/11/2024",-0.609123614656552
529,"10/11/2024",-0.598756526305316
530,"11/11/2024",-0.58966709795086
531,"12/11/2024",-0.581697868306845
532,"13/11/2024",-0.574710781920064
533,"14/11/2024",-0.568584797558073
534,"15/11/2024",-0.563213791343759
535,"16/11/2024",-0.558504718311645
536,"17/11/2024",-0.554376000537556
537,"18/11/2024",-0.550756113918293
538,"19/11/2024",-0.547582349119315
539,"20/11/2024",-0.544799725225619
540,"21/11/2024",-0.542360037276386
541,"22/11/2024",-0.540221021183296
542,"23/11/2024",-0.538345621565923
543,"24/11/2024",-0.536701349820516
544,"25/11/2024",0.664740278698388
545,"26/11/2024",-0.644109264834424
546,"27/11/2024",-0.62943047736583
547,"28/11/2024",-0.616560732023092
548,"29/11/2024",-0.605277078959697
549,"30/11/2024",-0.595384045098937
550,"01/12/2024",0.613289752156285
551,"02/12/2024",-0.489218929087237
552,"03/12/2024",2.71266701005743
553,"04/12/2024",1.02068451450392
554,"05/12/2024",-1.10684774074849
555,"06/12/2024",-1.03514016953506
556,"07/12/2024",-0.972269977931183
557,"08/12/2024",-0.717148030200677
558,"09/12/2024",-0.887171668294264
559,"10/12/2024",-0.842537400646441
560,"11/12/2024",-0.803403946373318
561,"12/12/2024",-0.769093374607472
562,"13/12/2024",-0.73901130399129
563,"14/12/2024",-0.712636605873966
564,"15/12/2024",-0.689512376506397
565,"16/12/2024",-0.669238021840222
566,"17/12/2024",-0.651462317811514
567,"18/12/2024",-0.635877325888522
568,"19/12/2024",-0.62221305847906
569,"20/12/2024",-0.610232801783395
570,"21/12/2024",3.80027098493221
571,"22/12/2024",-0.994269246201913
572,"23/12/2024",-0.936436066148921
573,"24/12/2024",-0.88573035893467
574,"25/12/2024",-0.841273721036816
575,"26/12/2024",-0.802296005080109
576,"27/12/2024",-0.768121978139692
577,"28/12/2024",-0.738159624300858
578,"29/12/2024",-0.711889888833959
579,"30/12/2024",-0.688857686316997
580,"31/12/2024",0.531335983065428
581,"01/01/2025",-0.761072557347305
582,"02/01/2025",-0.731978987745834
583,"03/01/2025",-0.306470965868464
584,"04/01/2025",-0.720811102876002
585,"05/01/2025",-0.496679432705437
586,"06/01/2025",-0.693874046681778
587,"07/01/2025",0.326937848643204
588,"08/01/2025",-0.746576406691839
589,"09/01/2025",0.880730629297465
590,"10/01/2025",-0.84214571054078
591,"11/01/2025",-0.803060528912992
592,"12/01/2025",-0.368792280578412
593,"13/01/2025",14.0245481816386
594,"14/01/2025",39.2973473425425
595,"15/01/2025",10.8928639831116
596,"16/01/2025",-6.59171682219635
597,"17/01/2025",0.555956610936681
598,"18/01/2025",-5.775786690103
599,"19/01/2025",19.07132993724
600,"20/01/2025",-1.78192764860088
601,"21/01/2025",3.73038147188372
602,"22/01/2025",-6.07295749985713
603,"23/01/2025",6.42967143985725
604,"24/01/2025",3.96292425243441
605,"25/01/2025",7.73722239505382
606,"26/01/2025",7.97229146072135
607,"27/01/2025",-7.59642529584187
608,"28/01/2025",-6.91863351351241
609,"29/01/2025",-6.13067023576506
610,"30/01/2025",-3.83981707464841
611,"31/01/2025",-4.98092399573727
612,"01/02/2025",-4.43176778245808
613,"02/02/2025",-3.75029064182865
614,"03/02/2025",-3.54650392467982
615,"04/02/2025",-3.17412841214092
616,"05/02/2025",-2.84764517716659
617,"06/02/2025",9.83860163319039
618,"07/02/2025",15.5517313029647
619,"08/02/2025",-1.03146368072617
620,"09/02/2025",13.7505799951874
621,"10/02/2025",-5.82952602932216
622,"11/02/2025",-3.9757864619937
623,"12/02/2025",16.2872714751175
624,"13/02/2025",5.67638845849773
625,"14/02/2025",-6.31641108668811
626,"15/02/2025",-5.79637072837833
627,"16/02/2025",-1.54671728439154
628,"17/02/2025",6.89253110517677
629,"18/02/2025",-5.4501482092747
630,"19/02/2025",38.3568361025839
631,"20/02/2025",3.32492838835895
632,"21/02/2025",-8.38436881084206
633,"22/02/2025",-7.41576548337016
634,"23/02/2025",31.0334652987611
635,"24/02/2025",-7.07218785433787
636,"25/02/2025",-7.99604274819242
637,"26/02/2025",-7.46270520311767
638,"27/02/2025",-3.60768947924102
639,"28/02/2025",39.6666686975842
640,"01/03/2025",2.7551844504196
641,"02/03/2025",-9.65871186161426
642,"03/03/2025",-3.73305603463782
643,"04/03/2025",12.0134177816746
644,"05/03/2025",5.09777207152767
645,"06/03/2025",-6.55446017750781
646,"07/03/2025",-5.12952855868452
647,"08/03/2025",-7.66131985774993
648,"09/03/2025",6.81817351987099
649,"10/03/2025",-6.45867659911254
650,"11/03/2025",-2.90221475653882
651,"12/03/2025",-6.09591223979195
652,"13/03/2025",-5.40934272124866
653,"14/03/2025",-2.20738735656723
654,"15/03/2025",-1.31819739038859
655,"16/03/2025",-1.91970450581732
656,"17/03/2025",-3.87226526583413
657,"18/03/2025",-0.853446160377791
658,"19/03/2025",-3.52482238703294
659,"20/03/2025",-2.35511894908062
660,"21/03/2025",-2.9043874790372
661,"22/03/2025",-2.61114763777617
662,"23/03/2025",-1.35404724106772
663,"24/03/2025",-1.82039364642001
664,"25/03/2025",-2.04815502750061
665,"26/03/2025",-1.66043892773856
666,"27/03/2025",0.885790426741892
667,"28/03/2025",-1.80622881286295
668,"29/03/2025",-1.64832816717466
669,"30/03/2025",-0.509887502112229
670,"31/03/2025",-1.2802697845415
671,"01/04/2025",-1.38089320972459
672,"02/04/2025",-1.27541174548094
673,"03/04/2025",-1.18293002067231
674,"04/04/2025",-1.10184592229628
675,"05/04/2025",-1.03075478485201
676,"06/04/2025",-0.968425056528679
677,"07/04/2025",6.0862230356601
678,"08/04/2025",-1.5081925759211
679,"09/04/2025",-1.38702249185535
680,"10/04/2025",-1.28078564304063
681,"11/04/2025",-1.18764162871481
682,"12/04/2025",-1.10597686266117
683,"13/04/2025",-1.03437662014569
684,"14/04/2025",-0.971600529843677
685,"15/04/2025",-0.916561086188795
686,"16/04/2025",-0.868304809901679
687,"17/04/2025",-0.825995730331397
688,"18/04/2025",6.81109909653493
689,"19/04/2025",-1.25376323352287
690,"20/04/2025",-1.35765337726201
691,"21/04/2025",-1.25503603486851
692,"22/04/2025",-1.16506545199998
693,"23/04/2025",-1.08618301758002
694,"24/04/2025",-1.01702220677244
695,"25/04/2025",-0.956384907901866
696,"26/04/2025",-0.903220666890439
697,"27/04/2025",-0.85660848965026
698,"28/04/2025",-0.815740887184104
699,"29/04/2025",4.62009011300123
700,"30/04/2025",4.75599446814542
701,"01/05/2025",-1.5059618843272
702,"02/05/2025",-1.57877057911388
703,"03/05/2025",-1.44890232558368
704,"04/05/2025",-1.33503928651346
705,"05/05/2025",-1.23520894835241
706,"06/05/2025",-0.747681893930436
707,"07/05/2025",-1.10764634377991
708,"08/05/2025",-1.03584035118605
709,"09/05/2025",-0.972883867842812
710,"10/05/2025",-0.917686263133611
711,"11/05/2025",-0.669291317866066
712,"12/05/2025",-0.845212909643055
713,"13/05/2025",-0.805749720472323
714,"14/05/2025",-0.771150050974671
715,"15/05/2025",16.6591854884103
716,"16/05/2025",-2.31086337571936
717,"17/05/2025",-2.09077059159162
718,"18/05/2025",-1.89780246738118
719,"19/05/2025",4.4713838924028
720,"20/05/2025",4.65079963301835
721,"21/05/2025",-0.373007761188873
722,"22/05/2025",-2.12248255199541
723,"23/05/2025",-2.11301391274164
724,"24/05/2025",-2.11100834277127
725,"25/05/2025",-1.51554607900776
726,"26/05/2025",-0.980877463237007
727,"27/05/2025",-1.29951016883199
728,"28/05/2025",-1.19146623599515
729,"29/05/2025",-1.49673784617323
730,"30/05/2025",-1.17697946513121
731,"31/05/2025",-1.29033258882694
732,"01/06/2025",-1.19601199045849
733,"02/06/2025",-1.11331564485271
734,"03/06/2025",-1.04081095664201
735,"04/06/2025",-0.977241886279571
736,"05/06/2025",-0.921507190958886
737,"06/06/2025",-0.872641347164431
738,"07/06/2025",-0.829797824364049
739,"08/06/2025",-0.792234420083796
740,"09/06/2025",-0.75930040231649
741,"10/06/2025",-0.730425236524676
742,"11/06/2025",-0.705108701949523
743,"12/06/2025",-0.682912226004902
744,"13/06/2025",-0.663451286637486
745,"14/06/2025",-0.646388751034667
746,"15/06/2025",-0.631429035282973
747,"16/06/2025",-0.618312983801474
748,"17/06/2025",-0.606813379843703
749,"18/06/2025",-0.596731009293989
750,"19/06/2025",-0.587891209569143
751,"20/06/2025",-0.580140843840164
752,"21/06/2025",-0.573345648156701
753,"22/06/2025",-0.567387905517035
754,"23/06/2025",-0.562164406590156
755,"24/06/2025",-0.557584661762402
756,"25/06/2025",-0.553569333534916
757,"26/06/2025",-0.550048862115474
758,"27/06/2025",-0.546962260395029
759,"28/06/2025",-0.544256057433675
760,"29/06/2025",-0.541883372153443
761,"30/06/2025",-0.539803101190983
762,"01/07/2025",-0.537979206840851
763,"02/07/2025",-0.536380092754044
764,"03/07/2025",-0.534978056576655
765,"04/07/2025",-0.533748810046387
766,"05/07/2025",-0.532671058233314
767,"06/07/2025",-0.531726130635813
768,"07/07/2025",-0.530897657740952
769,"08/07/2025",-0.530171287446195
770,"09/07/2025",-0.529534436429853
771,"10/07/2025",-0.528976072163109
772,"11/07/2025",-0.528486521787314
773,"12/07/2025",-0.528057304545603
774,"13/07/2025",-0.527680984865973
775,"14/07/2025",-0.32735104355068
776,"15/07/2025",-0.54541401533516
777,"16/07/2025",-0.542898621086068
778,"17/07/2025",-0.540693228883772
779,"18/07/2025",-0.538759633477126
780,"19/07/2025",-0.537064338103944
781,"20/07/2025",-0.535577974207727
782,"21/07/2025",-0.534274792669614
783,"22/07/2025",-0.533132217741898
784,"23/07/2025",-0.532130455955637
785,"24/07/2025",-0.531252153227236
786,"25/07/2025",-0.330482094223894
787,"26/07/2025",-0.348159189274471
788,"27/07/2025",-0.363657724980302
789,"28/07/2025",-0.577246191203832
790,"29/07/2025",20.4291922618965
791,"30/07/2025",-2.49214907434074
792,"31/07/2025",-1.04971429048564
793,"01/08/2025",-2.14727114072511
794,"02/08/2025",-1.94733977968499
795,"03/08/2025",-1.77204834583061
796,"04/08/2025",-1.61836016693327
797,"05/08/2025",-1.48361281611633
798,"06/08/2025",-1.36547198913502
799,"22/09/2025",6.53810893409062
800,"23/09/2025",-1.88681342506359
801,"24/09/2025",-1.71898137608476
802,"25/09/2025",-1.57183327305998
803,"26/09/2025",-1.44281998653017
804,"27/09/2025",-1.32970654667549
805,"28/09/2025",-1.23053342567449
806,"29/09/2025",-1.14358259170008
807,"30/09/2025",-1.06734774648663
808,"01/10/2025",-1.00050823087681
809,"02/10/2025",-0.941906146299275
810,"03/10/2025",-0.890526295839544
811,"04/10/2025",-0.845478597412171
812,"05/10/2025",-0.805982664367486
813,"06/10/2025",-0.771354286414166
814,"07/10/2025",-0.740993576659029
815,"08/10/2025",-0.714374579428542
816,"09/10/2025",-0.691036158842483
817,"10/10/2025",-0.670574010297385
818,"11/10/2025",-0.652633656470196
819,"12/10/2025",-0.636904306507977
820,"13/10/2025",-0.623113472022929
821,"14/10/2025",-0.611022246622592
822,"15/10/2025",-0.600421167199858
823,"16/10/2025",-0.591126585285608
824,"17/10/2025",-0.582977485602848
825,"18/10/2025",0.0241673032916099
826,"19/10/2025",-0.624625196884406
827,"20/10/2025",-0.612347663591611
828,"21/10/2025",-0.601583237221018
829,"22/10/2025",-0.592145439552335
830,"23/10/2025",-0.583870774301399
831,"24/10/2025",-0.576615894781971
832,"25/10/2025",-0.570255120630355
833,"26/10/2025",-0.564678260573684
834,"27/10/2025",-0.559788703524439
835,"28/10/2025",-0.555501744932169
836,"29/10/2025",-0.551743119398867
837,"30/10/2025",-0.548447714137649
838,"31/10/2025",-0.145558440987279
839,"01/11/2025",2.22027025156889
840,"02/11/2025",-0.229916723865254
841,"03/11/2025",-0.847395417664736
842,"04/11/2025",-0.807663251988984
843,"05/11/2025",-0.772827755170431
844,"06/11/2025",-0.74228545227915
845,"07/11/2025",-0.715507241801441
846,"08/11/2025",-0.692029229716334
847,"09/11/2025",-0.67144469319821
848,"10/11/2025",-0.053397034728234
849,"11/11/2025",2.90736964396132
850,"12/11/2025",-1.00231224445507
851,"13/11/2025",-0.943487829758943
852,"14/11/2025",-0.891913049573958
853,"15/11/2025",-0.846694444937261
854,"16/11/2025",-0.807048668494665
855,"17/11/2025",-0.772288914133278
856,"18/11/2025",-0.741813019052412
857,"19/11/2025",-0.715093032158269
858,"20/11/2025",-0.691666068069806
859,"21/11/2025",-0.6711262882946
860,"22/11/2025",0.146882129339923
861,"23/11/2025",-0.710737847184259
862,"24/11/2025",-0.687847624505858
863,"25/11/2025",-0.667778437092395
864,"26/11/2025",-0.650182615107809
865,"27/11/2025",-0.634755336218303
866,"28/11/2025",-0.621229344983391
867,"29/11/2025",0.990629676960613
868,"30/11/2025",-0.54579083382768
869,"01/12/2025",-0.736932863850474
870,"02/12/2025",-0.710814316711481
871,"03/12/2025",-0.687914669780812
872,"04/12/2025",-0.667837219578138
873,"05/12/2025",-0.650234153126446
874,"06/12/2025",-0.634800522591956
875,"07/12/2025",-0.621268962501059
876,"08/12/2025",-0.609405058017639
877,"09/12/2025",-0.599003284042858
878,"10/12/2025",-0.589883444788111
879,"11/12/2025",-0.381887552141909
880,"12/12/2025",-0.593229339247496
881,"13/12/2025",-0.584821092104123
882,"14/12/2025",0.42255090641725
883,"15/12/2025",-0.262746886874536
884,"16/12/2025",-0.282475663848658
885,"17/12/2025",-0.699773028234093
886,"18/12/2025",-0.67823413102625
887,"19/12/2025",-0.659349729121703
888,"20/12/2025",1.55720732260899
889,"21/12/2025",-0.0301509041436974
890,"22/12/2025",0.734047012392096
891,"23/12/2025",-0.970751755117887
892,"24/12/2025",-0.915816916099974
893,"25/12/2025",-0.867652352772281
894,"26/12/2025",-0.82542368327912
895,"27/12/2025",0.611600643403341
896,"28/12/2025",-0.684403732925133
897,"29/12/2025",-0.858462841474283
898,"30/12/2025",-0.817366705106878
899,"31/12/2025",-0.781335335979792
900,"01/01/2026",1.05025545760639
901,"02/01/2026",-0.887217313691744
902,"03/01/2026",-0.842577420616952
903,"04/01/2026",-0.803439034205348
904,"05/01/2026",-0.769124138147296
905,"06/01/2026",-0.739038276173034
906,"07/01/2026",-0.312660253951923
907,"08/01/2026",-0.726237611138853
908,"09/01/2026",-0.701437167606401
909,"10/01/2026",-0.679693178647333
910,"11/01/2026",-0.660628960895202
911,"12/01/2026",-0.643914254169366
912,"13/01/2026",-0.629259500191879
913,"14/01/2026",-0.616410826406372
914,"15/01/2026",8.79485435199921
915,"16/01/2026",15.9421754148058
916,"17/01/2026",2.46049225735244
917,"18/01/2026",-3.13745037560541
918,"19/01/2026",-2.8154874127127
919,"20/01/2026",-2.53320378737321
920,"21/01/2026",-2.28570934136962
921,"22/01/2026",-2.0687165890307
922,"23/01/2026",-1.87846644270241
923,"24/01/2026",-1.71166309195546
924,"25/01/2026",-0.765416908405109
925,"26/01/2026",-0.710603389029885
926,"27/01/2026",17.1374548063223
927,"28/01/2026",-2.85376007718973
928,"29/01/2026",-2.16046351885129
929,"30/01/2026",-0.740017895976951
930,"31/01/2026",-2.45685392051663
931,"01/02/2026",-2.21876897960619
932,"02/02/2026",-2.01002608677434
933,"03/02/2026",-0.827009071329412
934,"04/02/2026",-1.75830867891522
935,"05/02/2026",-1.20631380311246
936,"06/02/2026",0.290244429565293
937,"07/02/2026",23.6464368856426
938,"08/02/2026",5.06081496019072
939,"09/02/2026",0.649437843837576
940,"10/02/2026",-4.14419535205588
941,"11/02/2026",-0.898159193315819
942,"12/02/2026",4.63597510059026
943,"13/02/2026",7.25806766162307
944,"14/02/2026",-2.74854949189915
945,"15/02/2026",37.1821497977627
946,"16/02/2026",-7.56165252985956
947,"17/02/2026",2.70555765372296
948,"18/02/2026",-4.19666459434776
949,"19/02/2026",-6.26231225826285
950,"20/02/2026",-5.55523527997187
951,"21/02/2026",-4.93529983450081
952,"22/02/2026",-4.39176643099457
953,"23/02/2026",4.08478086580112
954,"24/02/2026",2.76850753330276
955,"25/02/2026",-4.21702641021081
956,"26/02/2026",-3.95571827527093
957,"27/02/2026",-3.53291039559626
958,"28/02/2026",-3.16221017584322
959,"01/03/2026",23.1628042326647
960,"02/03/2026",-4.93802932673865
961,"03/03/2026",-4.39415953533586
962,"04/03/2026",14.2826826922621
963,"05/03/2026",2.23070316749675
964,"06/03/2026",-2.67595845520226
965,"07/03/2026",-4.9290208815865
966,"08/03/2026",1.01373869163214
967,"09/03/2026",51.7940967631241
968,"10/03/2026",2.31540391818941
969,"11/03/2026",-3.67577367087766
970,"12/03/2026",-8.51747103607261
971,"13/03/2026",-3.53246393322059
972,"14/03/2026",0.564103981429021
973,"15/03/2026",-6.93086660195551
974,"16/03/2026",-4.3413956947551
975,"17/03/2026",-4.41439096180371
976,"18/03/2026",1.30272144121235
977,"19/03/2026",-2.32105460019956
978,"20/03/2026",-4.61155992743066
979,"21/03/2026",-4.10162871962187
980,"22/03/2026",2.14545758099086
981,"23/03/2026",-3.79477116216341
982,"24/03/2026",-3.58550257975577
983,"25/03/2026",-3.20832079762307
984,"26/03/2026",-2.67762362700501
985,"27/03/2026",-2.40603446506867
986,"28/03/2026",1.63208352386242
987,"29/03/2026",-2.50783736758547
988,"30/03/2026",-2.26346912816238
989,"31/03/2026",-2.0492173026654
990,"01/04/2026",-1.86137028605981
991,"02/04/2026",10.7033261013141
992,"03/04/2026",15.5098854570593
993,"04/04/2026",3.30666309270418
994,"05/04/2026",18.8673980901553
995,"06/04/2026",-2.79220722031666
996,"07/04/2026",6.18794548336232
997,"08/04/2026",-5.86789933785449
998,"09/04/2026",-5.40313443395927
999,"10/04/2026",2.1980558094027
1000,"11/04/2026",-4.91717456159098
1001,"12/04/2026",-0.175874951734712
1002,"13/04/2026",13.5133165880682
1003,"14/04/2026",2.3435629565583
1004,"15/04/2026",13.8355845471976
1005,"16/04/2026",-6.723516923078
1006,"17/04/2026",-3.75960019088521
1007,"18/04/2026",4.50829521196578
1008,"19/04/2026",42.2027885121419
1009,"20/04/2026",14.6480054542337
1010,"21/04/2026",-8.86011307681755
1011,"22/04/2026",-9.57621288390548
1012,"23/04/2026",-8.06072439032321
1013,"24/04/2026",1.28058464528742
1014,"25/04/2026",-5.06490958395884
1015,"26/04/2026",-1.42984919386451
1016,"27/04/2026",35.6516613694496
1017,"28/04/2026",-9.47833606393142
1018,"29/04/2026",-5.16861396284371
1019,"30/04/2026",-7.8892921653016
1020,"01/05/2026",2.81829695992599
1021,"02/05/2026",-0.485227226266162
1022,"03/05/2026",7.91764311616283
1023,"04/05/2026",-1.65693094461907
1024,"05/05/2026",-5.93484211586021
1025,"06/05/2026",-6.43034637522998
1026,"07/05/2026",-5.70256054773569
1027,"08/05/2026",3.73553154835504
1028,"09/05/2026",4.28748492001653
1029,"10/05/2026",5.59659903538179
1030,"11/05/2026",-5.60525551481989
1031,"12/05/2026",-3.9665632071929
1032,"13/05/2026",13.1016541740672
1033,"14/05/2026",-5.81106925035374
1034,"15/05/2026",-4.95330819623323
1035,"16/05/2026",7.00503686434183
1036,"17/05/2026",25.0484921227789
1037,"18/05/2026",13.0537777343624
1038,"19/05/2026",-7.37119553857744
1039,"20/05/2026",-7.68968082721328
1040,"21/05/2026",-6.8066921889246
1041,"22/05/2026",-6.03252477628101
1042,"23/05/2026",-5.35376725120024
1043,"24/05/2026",-4.75866111481487
1044,"25/05/2026",-4.23689700837441
1045,"26/05/2026",-3.77943611841758
1046,"27/05/2026",-3.37835359231634
1047,"28/05/2026",0.373298748409282
1048,"29/05/2026",-3.03037548310906
1049,"30/05/2026",29.0783913631724
1050,"31/05/2026",-5.36890264184473
1051,"01/06/2026",-3.77193119067599
